ID;STORE;SUPPLIER_CODE;PART_NO;MATERIAL_CODE;INITIAL_DATE;INITIAL_BY;INITIAL_STOCK;STOCK_WEIGHT
1;RM;SCI-TMMIN SCHEME;67181-BZ090;SPC270D1.2106;2022-01-11;Admin;0;0
2;RM;POSCO;67181-BZ160;SPC270C0.65348;2021-12-21;Admin;0;1246
3;RM;POSCO;67181-87Z06;SPC270C0.65347;2021-12-21;Admin;0;458
4;RM;ADM;67245-BZ010;SPC270C0.879;2021-12-17;Admin;0;590
5;RM;SCI-NON SCHEME;17118-BZ140;SECC1.6230;2021-12-17;Admin;0;482
6;RM;SCI-ADM SCHEME;17138-BZ091;SPC270D0.852;2021-12-16;Admin;0;319
7;RM;SSK;82715-BZA90;SPH270C-OD1.627;2021-12-16;Admin;0;186
8;RM;SCI-ADM SCHEME;89439-BZ180;SPH270C-OD2.9100;2021-12-16;Admin;0;458
9;RM;SSK;21893-BZ050;SCGA270D-45-S10.65284;2021-12-15;Admin;0;560
10;RM;SSK;21893-BZ060;SCGA270D-45-S10.65284;2021-12-14;Admin;0;874
11;RM;SCI-ADM SCHEME;33823-BZ011;SPC270C1.2274;2021-12-14;Admin;0;594
12;RM;SCI-ADM SCHEME;48807-BZ010;SPC270C1136;2021-12-14;Admin;0;3319
13;RM;SSK;48809-BZ010;SCGA270C-451.2274;2021-12-13;Admin;0;956
14;RM;SSK;51177-BZ010;SCGA270C-451136;2021-12-13;Admin;0;560
15;RM;SSK;51478-BZ010;SCGA270C-451.698;2021-12-13;Admin;0;352
16;RM;SCI-ADM SCHEME;51568-BZ010;SPC270C1.271;2021-12-13;Admin;0;168
17;RM;SCI-ADM SCHEME;51568-BZ020;SHGA270C-451.655;2021-12-13;Admin;0;766
18;RM;SCI-ADM SCHEME;51568-BZ030;SPH270C-OD1.6250;2021-12-13;Admin;0;568
19;RM;SCI-ADM SCHEME;52185-BZ080;SPC270C0.8300;2021-12-13;Admin;0;520
20;RM;SCI-ADM SCHEME;52185-BZ120;SPC270C0.8300;2021-12-13;Admin;0;653
21;RM;SCI-ADM SCHEME;53785-BZ020;SPH270C-OD1.6160;2021-12-13;Admin;0;416
22;RM;SCI-ADM SCHEME;53786-BZ020;SPH270C-OD1.6150;2021-12-13;Admin;0;1003
23;RM;SCI-ADM SCHEME;55133-BZ040;SPH270C-OD1.6160;2021-12-10;Admin;0;1033
24;RM;SCI-ADM SCHEME;55134-BZ030;SPH270C-OD1.6150;2021-12-10;Admin;0;849
25;RM;SCI-ADM SCHEME;55522-BZ080;SPH270C-OD2.365;2021-12-10;Admin;0;948
26;RM;SCI-ADM SCHEME;55719-BZ160;SPH270C-OD2349;2021-12-10;Admin;0;1917
27;RM;SCI-ADM SCHEME;55719-BZ170;SHGA270C-452349;2021-12-10;Admin;0;268
28;RM;SCI-ADM SCHEME;57157-BZ010;SPC270C1.2235;2021-12-10;Admin;0;1056
29;RM;SCI-ADM SCHEME;57158-BZ010;SPH270C-OD1.8240;2021-12-10;Admin;0;436
30;RM;SSK;57257-BZ030;SCGA270C-451.2277;2021-12-10;Admin;0;255
31;RM;SSK;57645-BZ050;SCGA270C-451.4285;2021-12-10;Admin;0;1408
32;RM;SSK;57873-BZ030;SCGA270C-451.4285;2021-12-10;Admin;0;256
33;RM;SCI-ADM SCHEME;58139-BZ070;SPH270C-OD1.6174;2021-12-09;Admin;0;598
34;RM;SCI-ADM SCHEME;58223-BZ020;SPH270C-OD1.6180;2021-12-09;Admin;0;526
35;RM;SCI-ADM SCHEME;58224-BZ020;SPC270C0.876;2021-12-09;Admin;0;1372
36;RM;SSK;58336-BZ090;SCGA270C-451.6325;2021-12-09;Admin;0;469
37;RM;SCI-NON SCHEME;58793-BZ010;SECC1.294;2021-12-09;Admin;0;1170
38;RM;TTMI-KNSS;58918-BZ020;SHGA270D-451.6130;2021-12-09;Admin;0;186
39;RM;SCI-NON SCHEME;61235-BZ080;SECC1.2170;2021-12-09;Admin;0;450
40;RM;SCI-ADM SCHEME;61237-BZ080;SPC270C1.2225;2021-12-09;Admin;0;385
41;RM;IMP (CSP);63467-BZ020;SPS600.689;2021-12-09;Admin;0;1684
42;RM;SSK;82673-BZ050;SCGA270C-451.2256;2021-12-08;Admin;0;430
43;RM;SSK;82715-BZA80;SCGA270C-450.65175;2021-12-08;Admin;0;545
44;RM;SSK;82715-BZB00;SCGA270C-451.2176;2021-12-08;Admin;0;745
45;RM;SSK;82715-BZB10;SPC270C1.2243;2021-12-08;Admin;0;4185
46;RM;SSK;82715-BZB20;SUS425T2109;2021-12-08;Admin;0;314
47;RM;SSK;82715-BZB30;SUS425T285;2021-12-08;Admin;0;218
48;RM;SCI-NON SCHEME;89539-BZ130;SPH440-OD3.2284;2021-12-08;Admin;0;320
49;RM;SSK;52130-BZ090;SUS409LT-E282;2021-12-08;Admin;0;819
50;RM;SSK;52130-D12L0;SUS409LT-E295;2021-12-08;Admin;0;535
51;RM;SSK;52139-D12L0;JSH440WN-P2193;2021-12-07;Admin;0;2105
52;RM;SSK;31128-BZ040;SPH270C-OD3.2330;2021-12-07;Admin;0;2792
53;RM;SSK;33524-BZ030;SHGA270D-452.688;2021-12-07;Admin;0;583
54;RM;SSK;33524-BZ030A;SCGA340HR-451.6202;2021-12-07;Admin;0;2359
55;RM;SSK;33524-BZ030B;SCGA340HR-451.8245;2021-12-07;Admin;0;950
56;RM;SSK;46334-BZ030;SCGA340HR-451.8175;2021-12-07;Admin;0;1812
57;RM;SSK;52134-BZ050;SCGA340HR-451.6200;2021-12-07;Admin;0;209
58;RM;SSK;58995-BZ050;SHGA270D-452.6113;2021-12-07;Admin;0;2775
59;RM;SSK;58995-BZ060;SCGA440-451.2207;2021-12-10;Admin;0;5387
60;RM;SSK;69719-BZ020;SCGA440-451.2185;2021-12-07;Admin;0;959
61;RM;SSK;74410-BZ050AB;SCGA440-451.2185;2021-12-07;Admin;0;1012
62;RM;SSK;74410-BZ050B;SCGA440-451.2164;2021-12-07;Admin;0;191
63;RM;SSK;74410-BZ050;SCGA270D-451.2200;2021-12-07;Admin;0;370
64;RM;SSK;74410-BZ050A;SCGA270D-451.4296;2021-12-06;Admin;0;1039
65;RM;SSK;82702-BZ020;SPC4400.8348;2021-12-06;Admin;0;1474
66;RM;SSK;82702-BZ020A;SCGA440-451.6236;2021-12-06;Admin;0;832
67;RM;SSK;82702-BZ020B;SCGA440-451.6236;2021-12-05;Admin;0;0
68;RM;SSK;87101-BZ010;SCGA440-451.4308;2021-12-04;Admin;0;0
69;RM;SSK;82715-BZ790;SCGA270C-45133;2021-12-04;Admin;0;149
70;RM;SSK;82715-BZ790A;SCGA270D-451.2170;2021-12-04;Admin;0;565
71;RM;SSK;82715-BZ790B;SCGA340HR-451.6166;2021-12-04;Admin;0;479
72;RM;SSK;82715-BZ800;SCGA340HR-451.2128;2021-12-04;Admin;0;1012
73;RM;SSK;82715-BZ810;SCGA340HR-451.2128;2021-12-04;Admin;0;6184
74;RM;SSK;89439-BZ170;SCGA340HR-451.4200;2021-12-04;Admin;0;0
75;RM;SSK;67123-BZ180;SPC270D1.2297;2021-12-03;Admin;0;267
76;RM;SSK;67124-BZ150;SHGA270D-452.949;2021-12-03;Admin;0;0
77;RM;SSK;89539-BZ360;SHGA270D-452.9138;2021-12-03;Admin;0;316
78;RM;SSK;VV-D51563-BZ060;SHGA270D-452.9138;2021-12-03;Admin;0;328
79;RM;SSK;VV-D51564-BZ010;SCGA270D-451.487;2021-12-03;Admin;0;0
80;RM;SSK;VV-D57145-BZ070;SCGA270D-451.487;2021-12-03;Admin;0;705
81;RM;SSK;VV-D57146-BZ080;SPC270C150;2021-12-03;Admin;0;916
82;RM;SSK;VV-D57516-BZ010;SPH270C-OD2.384;2021-12-03;Admin;0;951
83;RM;SSK;82715-BZ770;SCGA270D-451.4394;2021-12-02;Admin;0;998
84;RM;SSK;82715-BZA60;SCGA440-451134;2021-12-02;Admin;0;314
85;RM;SSK;63127-BZ020;SPC270D1.2218;2021-12-02;Admin;0;218
86;RM;SSK;B320-4-SLO;SCGA440-451.2360;2021-12-02;Admin;0;622
87;RM;SSK;B322-4-SLO;SPC4402228;2021-12-02;Admin;0;514
88;RM;SSK;B322-6-SLO;SPC270D0.9230;2021-12-01;Admin;0;314
89;RM;SSK;B323-5-SLO;SPC270C2138;2021-12-01;Admin;0;488
90;RM;SSK;31311-0W010-S1;SPC270C2136;2021-12-01;Admin;0;0
91;RM;SSK;47111-0W030-S1;SPC4401328;2021-12-01;Admin;0;972
92;RM;SSK;55351-0W010-S1;SPC270C1.2245;2021-12-01;Admin;0;4146
93;RM;SSK;57791-0D010-S1;SPC270D0.6220;2021-12-01;Admin;0;1255
94;RM;SCI-TMMIN SCHEME;57792-0D010-S1;SPH440-OD1.461;2021-12-01;Admin;0;787
95;RM;SSK;58115-KK020-S1;SPC270C1.232;2021-11-30;Admin;0;582
96;RM;HANWA;61185-0W020-S1;SPH440-OD2416;2021-11-27;Admin;0;943
97;RM;HANWA;61327-BZ090-S1;SPH440-OD2440;2021-11-27;Admin;0;2599
98;RM;HANWA;61328-BZ090-S1;SPH590-OD2.6440;2021-11-27;Admin;0;295
99;RM;HANWA;61655-0D020-S1;SPH590-OD2.6469;2021-11-27;Admin;0;197
100;RM;HANWA;61656-0D010-S1;SPH270C-OD2465;2021-11-27;Admin;0;1613
101;RM;HANWA;67173-BZ020;SPH590-OD2.6440;2021-11-24;Admin;0;620
102;RM;HANWA;67183-BZ030;SPH590-OD2.6465;2021-11-24;Admin;0;0
103;RM;SCI-ADM SCHEME;57455-BZ020;SPH270C-OD1.680;2021-11-24;Admin;0;964
104;RM;SCI-ADM SCHEME;57688-BZ030;SPH270C-OD1.680;2021-11-24;Admin;0;4919
105;RM;HANWA;58364-BZ020;SPH590-OD3.2125;2021-11-23;Admin;0;721
106;RM;HANWA;57684-BZ030;SPH590-OD2.676;2021-11-24;Admin;0;2165
107;RM;HANWA;57684-BZ040;SPH440-OD3.283;2021-11-23;Admin;0;0
108;RM;SCI-ADM SCHEME;57688-BZ040;SPH270C-OD1.6538;2021-11-23;Admin;0;392
109;RM;SCI-ADM SCHEME;57656-BZ040;SHGA270C-452.395;2021-11-23;Admin;0;2118
110;RM;SCI-ADM SCHEME;65149-BZ010;SHGA270C-452.395;2021-11-23;Admin;0;3043
111;RM;SCI-ADM SCHEME;65185-BZ010;SPC270C1.2135;2021-11-23;Admin;0;1778
112;RM;SCI-ADM SCHEME;67173-BZ010;SPH270C-OD2.3167;2021-11-23;Admin;0;1665
113;RM;SCI-ADM SCHEME;67321-BZ030;SPH270C-OD1.8218;2021-11-23;Admin;0;2285
114;RM;TTMI-KNSS;67322-BZ030;SPC270D273;2021-11-23;Admin;0;0
115;RM;SCI-NON SCHEME;67323-BZ040;SPH270C-OD2.987;2021-11-23;Admin;0;259
116;RM;TTMI-KNSS;67324-BZ040;SPC270D185;2021-11-23;Admin;0;417
117;RM;SSK;67325-BZ030;JSC270C1101;2021-11-23;Admin;0;271
118;RM;SSK;67326-BZ020;JSC270C196;2021-11-23;Admin;0;690
119;RM;SSK;67327-BZ030;JSH270C-OD1.664;2021-11-23;Admin;0;1098
120;RM;SSK;67328-BZ030;JSH270C-OD1.658;2021-11-23;Admin;0;650
121;RM;SSK;67443-BZ050;SPH270C-OD4194;2021-11-23;Admin;0;175
122;RM;SSK;17452-EW010-00;SPH270C-OD1.660;2021-11-23;Admin;0;2830
123;RM;SSK;17455-EW010-00;SPH270C-OD1.627;2021-11-23;Admin;0;2413
124;RM;TTMI-KNSS;58193-EW020-A0;SPC270D1.656;2021-11-23;Admin;0;5719
125;RM;SSK;75102-EW030-00;SPH270C-OD3.2110;2021-11-23;Admin;0;1540
126;RM;SCI-ADM SCHEME;75121-E0280-A0;SHGA270C-451.6160;2021-11-23;Admin;0;500
127;RM;IMP (CSP);75121-E0280-A0/75102-EW030-00;SPS850.539;2021-11-22;Admin;0;608
128;RM;SSK;78024-EW010-00;SCGA270C-451.2155;2021-11-23;Admin;0;0
129;RM;SCI-ADM SCHEME;S0870-JY010-00;SPH270C-OD1.6158;2021-11-22;Admin;0;1521
130;RM;SCI-ADM SCHEME;S0870-JY030-00;SPC270C1.4110;2021-11-22;Admin;0;1826
131;RM;SCI-ADM SCHEME;S0870-JY030-00/S0870-JY010-00;SPC270C1.299;2021-11-22;Admin;0;2291
132;RM;SSK;S1704-EW010-00;SCGA270C-450.9198;2021-11-22;Admin;0;3018
133;RM;SSK;58267-BZ010;SPH270C-OD1.6176;2021-11-22;Admin;0;455
134;RM;TTMI-KNSS;65713-BZ010;SPC270D1.2110;2021-11-22;Admin;0;-237
135;RM;TTMI-KNSS;65713-BZ030;SPC270D1.6104;2021-11-22;Admin;0;-587
136;RM;IMP (CSP);65714-BZ010;SPS600.665;2021-11-22;Admin;0;-22
137;RM;SSK;65714-BZ030;SECC0.5172;2021-11-22;Admin;0;3024
138;RM;SCI-TMMIN SCHEME;65741-BZ030;SECC0.6182;2021-11-22;Admin;0;2334
139;RM;SCI-ADM SCHEME;65741-BZ010;SPC270C1.6133;2021-11-22;Admin;0;0
140;RM;TTMI-KNSS;65766-BZ011;SCGA270D-45174;2021-11-22;Admin;0;0
141;RM;TTMI-KNSS;66110-BZ010;SCGA270C-450.7150;2021-11-21;Admin;0;548
142;RM;SCI-TMMIN SCHEME;-;SPH270C-OD2.974;2021-11-21;Admin;0;0
143;RM;TTMI-KNSS;84629;SPC270D1.274;2021-11-21;Admin;0;2403
144;RM;TTMI-KNSS;84631;SCGA270D-451.274;2021-11-20;Admin;0;0
145;RM;TTMI-KNSS;84628;SPC270D0.798;2021-11-24;Admin;0;629
146;RM;TTMI-KNSS;91498;SCGA270D-450.856;2021-11-20;Admin;0;514
147;RM;TTMI-KNSS;174806;SCGA270D-451.294;2021-11-20;Admin;0;1007
148;RM;TTMI-KNSS;179506;SPC270D0.8102;2021-11-20;Admin;0;3382
149;RM;TTMI-KNSS;194362;SPC270D1.282;2021-11-20;Admin;0;473
150;RM;TTMI-KNSS;239030;SPC270D1.298;2021-11-22;Admin;0;0
151;RM;TTMI-KNSS;PV-023B;SPC270D1.298;2021-11-20;Admin;0;1078
152;RM;TTMI-KNSS;500153;SCGA270D-451.269;2021-11-20;Admin;0;1808
153;RM;TTMI-KNSS;502070;SPC4401.4222;2021-12-10;Admin;3138;3970
154;RM;TTMI-KNSS;500155;SCGA440-451258;2021-11-20;Admin;0;0
155;RM;TTMI-KNSS;2/162032-01V;SCGA440-451254;2021-11-20;Admin;0;658
156;RM;SCI-TMMIN SCHEME;2/162032;SHGA270D-452.8168;2021-11-23;Admin;0;0
157;RM;TTMI-KNSS;161584;SCGA440-451.8184;2021-11-22;Admin;0;666
158;RM;TTMI-KNSS;161582;SCGA440-451.268;2021-11-22;Admin;0;118
159;RM;TTMI-KNSS;161583;SCGA270D-451131;2021-11-19;Admin;0;1237
160;RM;TTMI-KNSS;93633;SCGA270D-451129;2021-11-19;Admin;0;8721,5
161;RM;TTMI-KNSS;500944;SHGA270D-452.3123;2021-11-19;Admin;0;3986
162;RM;TTMI-KNSS;141285;SCGA270D-452.3112;2021-11-19;Admin;0;3831
163;RM;TTMI-KNSS;141284;SHGA270D-452.3121;2021-11-19;Admin;0;753
164;RM;SCI-TMMIN SCHEME;141283;SPH440-OD2.669;2021-11-19;Admin;0;0
165;RM;SCI-TMMIN SCHEME;141281;SPH440-OD2.6148;2021-11-19;Admin;0;1122
166;RM;SCI-TMMIN SCHEME;100853;SPH440-OD2.6112;2021-11-19;Admin;0;446
167;RM;TTMI-KNSS;500888;SPC270D1.2180;2021-11-19;Admin;0;1139
168;RM;TTMI-KNSS;700026;SPC270C1.2125;2021-11-19;Admin;0;1403
169;RM;SSK;500578;SPCC1170;2021-12-10;Admin;0;0
170;RM;HTI;86148;JAC270C-451.2237;2021-11-19;Admin;0;1426
171;RM;HTI;233136;JAC270C-451.2237;2021-11-19;Admin;0;1932
172;RM;SSK;124046;EGC20/20170;2021-11-19;Admin;0;5621
173;RM;SSK;138865;EGC20/20185;2021-11-22;Admin;0;0
174;RM;HTI;65741-BZ020;JAC270C-451.6128;2021-11-19;Admin;0;1644
175;RM;HTI;185373;JAC270C-451.4132;2021-11-19;Admin;0;0
176;RM;HTI;185374;JAC270C-451.2101;2021-11-23;Admin;0;1630
177;RM;SSK;TB-260;SPH270C-OD3.2284;2021-11-19;Admin;0;0
178;RM;SCI-ADM SCHEME;TB-259L;SCGA270C-451.2396;2021-11-19;Admin;0;6403
179;RM;SCI-ADM SCHEME;CB-086;SCGA270C-451.2396;2021-12-10;Admin;0;3111
180;RM;SCI-ADM SCHEME;CO-058;SCGA270C-450.8150;2021-11-19;Admin;0;442
181;RM;SCI-ADM SCHEME;CO-058A;SPC270C1.2216;2021-11-19;Admin;0;5141
182;RM;SCI-TMMIN SCHEME;CO-058B;SGCE-0-90/901.2226;2021-11-19;Admin;0;1409
183;RM;SCI-TMMIN SCHEME;IB-059;SPH440-OD2.3112;2021-11-19;Admin;0;3265
184;RM;TTMI-KNSS;IB-060;SPC270C1.2206;2021-11-24;Admin;0;1530
185;RM;SCI-TMMIN SCHEME;IBS-035;SPH270C-OD2.9154;2021-11-19;Admin;0;-802
186;RM;SCI-TMMIN SCHEME;IB-076;SPH270C-OD2.9154;2021-11-19;Admin;0;2777
187;RM;SCI-TMMIN SCHEME;IB-038;SPH270C-OD2.9125;2021-11-19;Admin;0;174
188;RM;SCI-TMMIN SCHEME;IB-039;SPH270C-OD2.9125;2021-11-19;Admin;0;738
189;RM;TTMI-KNSS;IB-040;SCGA270D-451160;2021-11-19;Admin;0;1804
190;RM;TTMI-KNSS;IB-041;SCGA270D-451160;2021-11-23;Admin;0;1681
191;RM;TTMI-KNSS;IB-063;SCGA270D-451158;2021-11-19;Admin;0;394
192;RM;TTMI-KNSS;IB-064;SCGA270D-451158;2021-11-19;Admin;0;0
193;RM;TTMI-KNSS;IB-065;SCGA270D-451148;2021-11-19;Admin;2520;2520
194;RM;TTMI-KNSS;IB-066;SCGA270D-451148;2021-11-19;Admin;650;638
195;RM;TTMI-KNSS;IFS-011;SPC270D1.2107;2021-11-19;Admin;451;2806
196;RM;TTMI-KNSS;IF-013;SPC270D1.2106;2021-11-19;Admin;0;0
197;RM;TTMI-KNSS;PH-057;SPC270D1.2120;2021-11-19;Admin;0;0
198;RM;TTMI-KNSS;IFS-012;SPC270D1.6290;2021-11-19;Admin;0;0
199;RM;TTMI-KNSS;IF-015;SCGA270D-451199;2021-11-19;Admin;0;1813
200;RM;TTMI-KNSS;IF-016;SCGA270D-451115;2021-11-19;Admin;494;1940
201;RM;TTMI-KNSS;IF-017;SCGA270D-451105;2021-11-19;Admin;1216;1811
202;RM;TTMI-KNSS;IFS-014;SCGA270D-451.6101;2021-11-19;Admin;1244;2711
203;RM;TTMI-KNSS;IF-019;SCGA270D-450.781;2021-11-19;Admin;2058;2104
204;RM;TTMI-KNSS;IF-021;SPC270D1.4202;2021-11-19;Admin;0;0
205;RM;TTMI-KNSS;IF-023;SPC4401.6145;2021-11-19;Admin;0;1112
206;RM;TTMI-KNSS;IFS-013;SPC4401.6141;2021-11-19;Admin;491;888
207;RM;TTMI-KNSS;IF-018;SPC4402380;2021-11-19;Admin;385;775
208;RM;TTMI-KNSS;IF-020;SPC270C1.6118;2021-11-19;Admin;325;325
209;RM;TTMI-KNSS;IF-022;SPC270C1.6118;2021-11-19;Admin;0;0
210;RM;TTMI-KNSS;IFS-016;SPC4401.4165;2021-11-19;Admin;0;1238
211;RM;TTMI-KNSS;IF-025;SPC270D1.8108;2021-11-19;Admin;0;0
212;RM;TTMI-KNSS;IFS-015;SCGA270D-450.6296;2021-11-19;Admin;1270;1270
213;RM;TTMI-KNSS;IF-024;SCGA270D-450.75334;2021-11-19;Admin;0;0
214;RM;TTMI-KNSS;JB-022;SCGA270D-450.75334;2021-11-19;Admin;0;282
215;RM;TTMI-KNSS;JB-025;SCGA270D-450.65108;2021-11-19;Admin;617;617
216;RM;TTMI-KNSS;PVA-006F;SCGA270D-450.688;2021-11-19;Admin;2766;2766
217;RM;TTMI-KNSS;PV-014F;SCGA270D-450.6154;2021-11-19;Admin;241;0
218;RM;SCI-TMMIN SCHEME;PH-012;SPH440-OD3.2130;2021-11-19;Admin;277;277
219;RM;TTMI-KNSS;PVA-005F;SPC270C1.2190;2021-11-19;Admin;1201;0
220;RM;TTMI-KNSS;PVS-009F;SPC270C1.2190;2021-11-19;Admin;1177;0
221;RM;SSK-KNSS;PVS-010F;SCGA270D-45-AG0.7220;2021-11-19;Admin;1507;3188
222;RM;TTMI-KNSS;PV-024B;SCGA270D-451.4166;2021-11-19;Admin;703;703
223;RM;SCI-TMMIN SCHEME;PV-025B;SPH270C-OD2107;2021-11-19;Admin;392;392
224;RM;SCI-TMMIN SCHEME;TB-290;SPH270C-OD1.670;2021-11-19;Admin;1185;1923
225;RM;TTMI-KNSS;TC-001A;SPC270C1.2267;2021-11-19;Admin;0;0
226;RM;SSK;TC-021;SPH270C-OD2.3109;2021-11-19;Admin;1398;1398
227;RM;SSK;TC-022;SPH270C-OD2.371;2021-11-19;Admin;0;0
228;RM;SSK;TC-053;SPH270C-OD2.365;2021-11-19;Admin;0;0
229;RM;SSK;TC-056;SUS444T234;2021-11-19;Admin;0;0
230;RM;SSK;W-118;SUS425T2154;2021-11-19;Admin;0;0
231;RM;SSK;W-120;SUS425T2121;2021-11-19;Admin;0;0
232;RM;SSK;AH-002;SUS425T278;2021-11-19;Admin;0;0
233;RM;SSK;PH-009A;SUS425T269;2021-11-19;Admin;0;0
234;RM;SSK;PH-009B;SPC270D0.818;2021-11-19;Admin;0;0
235;RM;TTMI-KNSS;PH-011A;SPC270D248;2021-11-19;Admin;0;0
236;RM;TTMI-KNSS;PH-011B;SCGA270D-450.6154;2021-11-19;Admin;0;0
237;RM;TTMI-KNSS;AH-006N;SPC270C1.2164;2021-11-19;Admin;0;0
238;RM;SCI-TMMIN SCHEME;AH-007N;SPH440-OD2.3128;2021-11-19;Admin;0;0
239;RM;SCI-TMMIN SCHEME;PH-066;SPH440-OD2.3128;2021-11-19;Admin;0;0
240;RM;TTMI-KNSS;PH-067;SCGA270C-45194;2021-11-19;Admin;0;0
241;RM;TTMI-KNSS;PH-068;SCGA270C-451118;2021-11-19;Admin;637;1406
242;RM;TTMI-KNSS;PH-069;SCGA270C-451.272;2021-11-19;Admin;0;0
243;RM;TTMI-KNSS;PH-070;SHGA270C-451.6102;2021-11-19;Admin;0;0
244;RM;IMP (CSP);PH-071;SUS301-CSP-3/4H0.470;2021-11-19;Admin;0;0
245;RM;TTMI-KNSS;PH-072;SCGA270C-451.2189;2021-11-19;Admin;0;0
246;RM;TTMI-KNSS;AH-015N;SCGA270C-451.2117;2021-11-19;Admin;0;0
247;RM;SSK;PH-087;SPC270C2110;2021-11-19;Admin;0;0
248;RM;TTMI-KNSS;PH-088;SCGA270D-451.6194;2021-11-19;Admin;0;0
249;RM;TTMI-KNSS;PH-089;SCGA270C-451440;2021-11-19;Admin;0;0
250;RM;TTMI-KNSS;AH-027GU;SCGA270C-450.8206;2021-11-19;Admin;0;0
251;RM;SCI-TMMIN SCHEME;AH-029N;SPH270C-OD1.658;2021-11-19;Admin;0;0
252;RM;SCI-TMMIN SCHEME;AH-030N;SPH440-OD2.3115;2021-11-19;Admin;0;0
253;RM;SSK;PH-106;SPC270C1.2201;2021-11-19;Admin;0;0
254;RM;SSK;PH-106GU;JSC270D-AG0.9185;2021-11-19;Admin;0;0
255;RM;SSK;AH-031N;SPC270C0.9216;2021-11-19;Admin;0;0
256;RM;IMP (KMPI);PH-110;SUS4302138;2021-12-10;Admin;7041;10989
257;RM;SCI-ADM SCHEME;PH-010;SPH270C-OD2.696;2021-12-10;Admin;1288;3198
258;RM;SCI-TMMIN SCHEME;AH-036N;SPH270C-OD2228;2021-12-10;Admin;606;3008
259;RM;SCI-TMMIN SCHEME;PH-115;SPH270C-OD2204;2021-12-10;Admin;2854;6649
260;RM;SCI-TMMIN SCHEME;PH-116;SPH270C-OD2173;2021-11-19;Admin;2424;2424
261;RM;TTMI-KNSS;PH-117;SCGA270C-450.8244;2021-11-19;Admin;0;963
262;RM;TTMI-KNSS;AH-048NG;SCGA270D-451.6314;2021-12-10;Admin;0;3345
263;RM;TTMI-KNSS;PH-138;SCGA270D-451.6314;2021-12-10;Admin;1039;1039
264;RM;TTMI-KNSS;PH-139;SCGA270D-451.686;2021-12-10;Admin;1227;5465
265;RM;TTMI-KNSS;PH-141;SHGA270C-451.6108;2021-11-19;Admin;1653;7380
266;RM;TTMI-KNSS;PH-157;SCGA270D-451.6143;2021-11-19;Admin;0;0
267;RM;TTMI-KNSS;AH-056;SCGA270D-451.6143;2021-11-19;Admin;426;2125
268;RM;TTMI-KNSS;PH-151;SCGA270C-451134;2021-11-19;Admin;406;406
269;RM;TTMI-KNSS;PH-127;SHGA270C-451.8195;2021-12-10;Admin;531;2733
270;RM;SCI-TMMIN SCHEME;AH-041;SHGA270C-452.8234;2021-12-10;Admin;1884;4800
271;RM;TTMI-KNSS;PH-130;SPC270C1.2106;2021-11-19;Admin;1947;5916
272;RM;TTMI-KNSS;PH-131;SCGA590DU-451.2356;2021-12-10;Admin;2344;6861
273;RM;TTMI-KNSS;PB-068;SCGA590DU-451.2356;2021-12-10;Admin;2539;3755
274;RM;TTMI-KNSS;PB-078;SCGA270C-451.6101;2021-12-10;Admin;1443;2132
275;RM;SCI-TMMIN SCHEME;PB-089A;SPH440-OD1.6132;2021-11-19;Admin;930;2027
276;RM;SCI-TMMIN SCHEME;PB-089B;SPH440-OD1.6140;2021-12-10;Admin;3997;5155
277;RM;TTMI-KNSS;PH-039U;SCGA270D-450.6336;2021-11-19;Admin;1865;3690
278;RM;TTMI-KNSS;PH-039GU;SCGA270D-450.6336;2021-12-10;Admin;490;2365
279;RM;TTMI-KNSS;PH-044N;SCGA270C-451.267;2021-11-19;Admin;1248;1841
280;RM;TTMI-KNSS;PH-047N;SHGA270C-451.6396;2021-11-19;Admin;0;0
281;RM;TTMI-KNSS;PH-048N;SHGA270C-451.6396;2021-12-10;Admin;1866;2956
282;RM;TTMI-KNSS;PH-048NB;SCGA270C-451.2139;2021-11-19;Admin;390;390
283;RM;TTMI-KNSS;AH-042GU;SCGA270C-451.2139;2021-11-19;Admin;1857;5510
284;RM;TTMI-KNSS;PH-048GU;SCGA270C-451141;2021-11-19;Admin;0;0
285;RM;TTMI-KNSS;AH-043GU;SCGA270C-451141;2021-11-19;Admin;1225;2574
286;RM;TTMI-KNSS;PH-049GU;SHGA270C-451.8198;2021-11-19;Admin;2049;5598
287;RM;TTMI-KNSS;PH-077GU;SHGA270C-451.8198;2021-11-19;Admin;0;0
288;RM;TTMI-KNSS;PH-112N;SCGA270C-450.6344;2021-11-19;Admin;1181;1541
289;RM;TTMI-KNSS;PH-113N;SCGA270C-451.4315;2021-11-19;Admin;656;328
290;RM;SCI-TMMIN SCHEME;PH-129;SPH440-OD3.2155;2021-11-19;Admin;5788;10076
291;RM;TTMI-KNSS;NT-0381;SPC270C1.488;2021-12-10;Admin;731;2924
292;RM;SSK-KNSS;NT-0382;SCGA270D-45-AG0.7161;2021-11-19;Admin;2252;3355
293;RM;TTMI-KNSS;NT-0267;SHGA270C-451.6278;2021-11-19;Admin;943;1326
294;RM;TTMI-KNSS;NT-0268;SCGA270C-451.4112;2021-12-10;Admin;4649;5802
295;RM;TTMI-KNSS;NT-0274;SPC270C1.2227;2021-11-19;Admin;1419;3632
296;RM;TTMI-KNSS;NT-0275;SCGA270C-451.2176;2021-11-19;Admin;2500;2486
297;RM;TTMI-KNSS;NT-0411;SCGA270C-451179;2021-11-19;Admin;1624;1624
298;RM;TTMI-KNSS;NT-0412;SPC270C190;2021-11-19;Admin;2518;2518
299;RM;TTMI-KNSS;NT-0419;SPC270C1100;2021-11-19;Admin;1239;2739
300;RM;TTMI-KNSS;NT-0420;SHGA440-452216;2021-11-19;Admin;1606;3308
301;RM;TTMI-KNSS;NT-0421;SHGA440-452216;2021-11-19;Admin;0;0
302;RM;TTMI-KNSS;NX-4144;SCGA440-451.6127;2021-11-19;Admin;0;666
303;RM;TTMI-KNSS;NTS-020;SCGA440-451.6127;2021-11-19;Admin;690;690
304;RM;TTMI-KNSS;NTS-021;SCGA440-452103;2021-11-19;Admin;1933;3241
305;RM;SCI-TMMIN SCHEME;NTS-018;SPH270C-OD2.6100;2021-11-19;Admin;0;368
306;RM;SCI-TMMIN SCHEME;NTS-019;SPH270C-OD2.6100;2021-11-19;Admin;0;0
307;RM;SCI-TMMIN SCHEME;NT-0276;SPH270C-OD2.6232;2021-11-19;Admin;0;0
308;RM;SCI-TMMIN SCHEME;NT-0277;SPH270C-OD2.6232;2021-11-19;Admin;403;872
309;RM;TTMI-KNSS;NT-0278;SCGA270C-451.4384;2021-11-19;Admin;2624;4274
310;RM;TTMI-KNSS;NT-0279;SCGA270C-451.4384;2021-11-19;Admin;589;1735
311;RM;SCI-TMMIN SCHEME;NT-0428;SPH440-OD2.6123;2021-11-19;Admin;1314;1314
312;RM;TTMI-KNSS;NT-0429;SPC4401.295;2021-11-19;Admin;1188;2329
313;RM;TTMI-KNSS;NT-0430;SPC4401.287;2021-11-19;Admin;896;3482
314;RM;TTMI-KNSS;TR-2832;SPC4401.2113;2021-11-19;Admin;441;857
315;RM;TTMI-KNSS;NX-1251;SPC4401.6164;2021-11-19;Admin;1396;4315
316;RM;SCI-TMMIN SCHEME;NX-1252;SPH440-OD2.3115;2021-11-19;Admin;1598;2490
317;RM;SCI-TMMIN SCHEME;AX-2109;SPH440-OD2.3115;2021-11-19;Admin;847;1272
318;RM;SCI-TMMIN SCHEME;AX-2110;SPH440-OD293;2021-11-19;Admin;1539;1692
319;RM;SCI-TMMIN SCHEME;NX-2929;SPH440-OD293;2021-11-19;Admin;298;380
320;RM;SCI-TMMIN SCHEME;NX-2930;SPH440-OD251;2021-11-19;Admin;0;0
321;RM;SCI-TMMIN SCHEME;NX-3006;SPH440-OD2.363;2021-12-10;Admin;0;2884
322;RM;SCI-TMMIN SCHEME;NX-0519;SPH440-OD2.363;2021-12-10;Admin;2783;2783
323;RM;SCI-TMMIN SCHEME;NXS-012;SPH440-OD2118;2021-11-19;Admin;594;1469
324;RM;SCI-TMMIN SCHEME;NXS-019;SPH440-OD2118;2021-11-19;Admin;1146;3706
325;RM;TTMI-KNSS;NXS-020;SHGA270C-451.6203;2021-11-19;Admin;2055;4432
326;RM;SCI-V-V;AA-1885;SPC270C1.282;2021-11-19;Admin;0;1560
327;RM;SCI-V-V;AAS-080;SPC270C1.282;2021-11-19;Admin;2529;4548
328;RM;SCI-V-V;AA-0494;SCGA270CX-450.8104;2021-11-19;Admin;291;2970
329;RM;SCI-V-V;AA-0495;SCGA270DX-45V0.65229;2021-11-19;Admin;367;2252
330;RM;SCI-V-V;AA-0504;SCGA270DX-45V0.65229;2021-11-19;Admin;856;2606
331;RM;SSK;AA-0505;SPH270C-OD2.384;2021-11-19;Admin;0;0
332;RM;TTMI-KNSS;AA-1425;SPC270C1.4120;2021-11-19;Admin;235;1044
333;RM;SCI-TMMIN SCHEME;AA-1426;SPH270C-OD2222;2021-11-19;Admin;667;2062
334;RM;SCI-TMMIN SCHEME;AA-0521;SPH270C-OD2147;2021-11-19;Admin;0;792
335;RM;SCI-TMMIN SCHEME;AA-0522;SPH270C-OD2136;2021-11-19;Admin;0;0
336;RM;TTMI-KNSS;AAS-001;SPC270C190;2021-11-19;Admin;0;0
337;RM;SCI-TMMIN SCHEME;AAS-002;SPH270C-OD2218;2021-11-19;Admin;1009;345
338;RM;TTMI-KNSS;AAS-003A;SPC270C1.258;2021-11-19;Admin;0;0
339;RM;TTMI-KNSS;AAS-004;SPC270C1.2226;2021-11-19;Admin;0;0
340;RM;TTMI-KNSS;AAS-005;SPC270C1.2142;2021-12-10;Admin;0;2028
341;RM;TTMI-KNSS;AAS-006;SPC270C1.263;2021-11-19;Admin;0;2100
342;RM;TTMI-KNSS;AAS-007;SPC270C1.2158;2021-11-19;Admin;0;0
343;RM;TTMI-KNSS;AAS-016;SCGA270C-452107;2021-11-19;Admin;0;0
344;RM;SCI-TMMIN SCHEME;AAS-017;SPH270C-OD2184;2021-11-19;Admin;1030;1684
345;RM;SCI-V-V;AAS-018;SPC270CX1469;2021-11-19;Admin;825;2115
346;RM;HTI-SANKO;AAS-019;JSC440W0.8175;2021-11-19;Admin;594;594
347;RM;TTMI-KNSS;AAS-020;SCGA270C-451299;2021-12-10;Admin;2378;3326
348;RM;TTMI-KNSS;AAS-073;SPC270D246;2021-11-19;Admin;1069;2405
349;RM;TTMI-KNSS;AAS-023;SPC270D2216;2021-11-19;Admin;342;1581
350;RM;TTMI-KNSS;AAS-028;SHGA270C-451.6203;2021-11-19;Admin;0;488
351;RM;SCI-ADM SCHEME;AAS-029;SCGA270C-451.2173;2021-11-19;Admin;453;1309
352;RM;SCI-ADM SCHEME;AAS-032;SPC270CX1.284;2021-11-19;Admin;0;262
353;RM;TTMI-KNSS;AAS-033;SHGA270C-451.681;2021-11-19;Admin;0;524
354;RM;SSK;AAS-036;SPC270C1.6123;2021-11-19;Admin;2154;4534
355;RM;SSK;AAS-037;SCGA270C-450.8600;2021-12-10;Admin;0;0
356;RM;SSK;AAS-038;SCGA270C-451380;2021-12-10;Admin;0;928
357;RM;SCI-ADM SCHEME;AAS-039;SPC270C1.275;2021-11-19;Admin;0;0
358;RM;SCI-V-V;Y-2071;SPC270C1.280;2021-11-19;Admin;275;1743
359;RM;SCI-ADM SCHEME;AAS-055;SPC270C1.2101;2021-11-19;Admin;207;643
360;RM;SCI-ADM SCHEME;AAS-060;SPC270C1.268;2021-11-19;Admin;632;969
361;RM;SCI-ADM SCHEME;AAS-061;SPC270C1.268;2021-11-19;Admin;3249;3871
362;RM;SCI-ADM SCHEME;AAS-062;SPC270C1.277;2021-11-19;Admin;1495;1495
363;RM;SCI-ADM SCHEME;AAS-063;SPC270C1.277;2021-11-19;Admin;1097;492
364;RM;SCI-ADM SCHEME;AAS-065A;SPC270C1.2152;2021-11-19;Admin;959;2024
365;RM;SCI-ADM SCHEME;AAS-066;SPC270C1.2152;2021-12-10;Admin;0;0
366;RM;TTMI-KNSS;AAS-067;SCGA270C-451.2100;2021-11-19;Admin;0;0
367;RM;TTMI-KNSS;AAS-069;SCGA270C-451.2100;2021-11-19;Admin;1265;6055
368;RM;SCI-TMMIN SCHEME;SC-0746;SCGA270D-451.2205;2021-11-19;Admin;0;252
369;RM;TTMI-KNSS;SC-0747;SCGA270D-451.2107;2021-11-19;Admin;1470;1729
370;RM;TTMI-KNSS;SC-0748;SCGA270D-451.2210;2021-11-19;Admin;820;0
371;RM;TTMI-KNSS;SC-0749;SCGA270D-451.2210;2021-11-19;Admin;0;0
372;RM;SCI-ADM SCHEME;SC-0755;SPC270C1.263;2021-11-19;Admin;0;0
373;RM;SCI-ADM SCHEME;SC-0764;SPC270C1.263;2021-11-19;Admin;1015;2020
374;RM;TTMI-KNSS;SC-0765;SPC270C0.8195;2021-11-19;Admin;895;1809
375;RM;TTMI-KNSS;AH-057R;SPC270D1.2198;2021-11-19;Admin;0;0
376;RM;TTMI-KNSS;PH-135R;SCGA270D-451.2210;2021-11-19;Admin;0;0
377;RM;SSK-KNSS;PH-136R;SCGA270D-45-AG0.9167;2021-11-19;Admin;385;1187
378;RM;TTMI-KNSS;PH-042N;SCGA270D-451.6312;2021-11-19;Admin;613;613
379;RM;TTMI-KNSS;PH-042NB;SCGA270D-451.6116;2021-11-19;Admin;684;684
380;RM;SSK-KNSS;PH-043N;SCGA270D-45-AG0.9225;2021-11-19;Admin;1211;2240
381;RM;TTMI-KNSS;AH-008GU;SCGA270D-451.6342;2021-11-19;Admin;1740;2314
382;RM;TTMI-KNSS;PH-073GU;SCGA270D-451.8112;2021-11-19;Admin;360;0
383;RM;TTMI-KNSS;PH-074GU;SCGA270D-451.4230;2021-11-19;Admin;0;0
384;RM;TTMI-KNSS;AH-009N;SCGA270D-451.4230;2021-11-19;Admin;408;2129
385;RM;SCI-TMMIN SCHEME;PH-075;SPH440-OD2.3143;2021-11-19;Admin;725;2408
386;RM;TTMI-KNSS;PH-076;SCGA270D-450.75482;2021-11-19;Admin;0;0
387;RM;TTMI-KNSS;AH-010N;SPC270C1147;2021-11-19;Admin;0;1551
388;RM;SCI-TMMIN SCHEME;PH-077;SPH270C-OD1.6107;2021-11-19;Admin;1492;1512
389;RM;ADM;PH-078;SCGA270CX-451.274;2021-11-19;Admin;1192;3647
390;RM;ADM;AH-039GU;SCGA270CX-450.9425;2021-11-19;Admin;0;127
391;RM;ADM;PH-079;SPC270CX0.8155;2021-11-19;Admin;0;2468
392;RM;ADM;PH-080;SPC270CX0.8330;2021-11-19;Admin;0;2803
393;RM;ADM;PH-081;SPC270CX0.8330;2021-11-19;Admin;0;649
394;RM;SCI-ADM SCHEME;PH-082;SPH270C-OD2.398;2021-11-19;Admin;674;1396
395;RM;POSMI;PH-084;SPH590-OD2.6119;2021-11-19;Admin;0;0
396;RM;POSMI;PH-085;SPH590-OD2.6136;2021-11-19;Admin;0;3159
397;RM;HTI-GTIM;PH-121;JAC270E0.694;2021-11-19;Admin;0;0
398;RM;HTI-GTIM;PH-122;JAC270E0.694;2021-11-19;Admin;1040;2237
399;RM;HTI-GTIM;PH-023NT;JAC270E0.6132;2021-12-10;Admin;2660;3990
400;RM;HTI-GTIM;PH-032N;JAC270C-452.3292;2021-11-19;Admin;0;0
401;RM;SCI-TMMIN SCHEME;65742-TG4-T000-H1;SECC2701300;2021-11-19;Admin;1143;4761
402;RM;SCI-TMMIN SCHEME;64315-TG4-T000-H1;SECC2701127;2021-11-19;Admin;1928;3338
403;RM;SCI-TMMIN SCHEME;64715-TG4-T000-H1;SECC2701118;2021-11-19;Admin;2009;1858
404;RM;SCI-TMMIN SCHEME;65714-TG4-T000-50;SECC2701.6121;2021-11-19;Admin;365;2306
405;RM;SCI-TMMIN SCHEME;65764-TG4-T000-50;SECC2701.682;2021-11-19;Admin;284;1012
406;RM;SSK;65713-TG4-T000-H1;SCGA270D-451.2194;2021-11-19;Admin;0;0
407;RM;SSK;65763-TG4-T000-H1;SCGA270D-451.2194;2021-11-19;Admin;1474;1474
408;RM;TTMI-KNSS;65716-TG2-K001-50;SPC270C2.3220;2021-11-19;Admin;1389;2333
409;RM;SSK;65766-TG2-K001-50;SCGA270D-451205;2021-11-19;Admin;2383;5714
410;RM;SSK;51455-BZ040;SCGA270D-451.2136;2021-11-19;Admin;0;0
411;RM;SSK;51456-BZ010;SCGA270D-451.2136;2021-11-19;Admin;1269;1269
412;RM;SSK;55127-BZ020;SCGA270D-451107;2021-11-19;Admin;0;0
413;RM;SSK;58186-BZ030;SPHC1.6180;2021-11-19;Admin;397;397
414;RM;SCI-ADM SCHEME;57171-BZ050;SPH270D-OD2255;2021-11-19;Admin;322;644
415;RM;SCI-ADM SCHEME;57172-BZ040;SPC270D1210;2021-11-19;Admin;1053;1053
416;RM;SSK;57188-BZ050;SPHC1.681;2021-11-19;Admin;191;191
417;RM;SSK;57189-BZ030;SPC270C1174;2021-11-19;Admin;1373;1699
418;RM;ADM;46411-BZ010;SPC270C0.65218;2021-11-19;Admin;530;710
419;RM;ADM;31514-BZ050;SPC270C1.4123;2021-11-19;Admin;0;275
420;RM;ADM;58793-BZ040;SPC270C1.4132;2021-11-19;Admin;640;563
421;RM;SSK;58793-BZ050;SPC270C1241;2021-11-19;Admin;0;0
422;RM;POSCO;16575-BZ070;SCGA270C-451141;2021-11-19;Admin;254;254
423;RM;POSCO;67975-BZ060;SCGA270C-451141;2021-11-19;Admin;376;1286
424;RM;ADM;52134-BZ090;SPC270C1161;2021-11-19;Admin;1958;3823
425;RM;SSK;89439-BZ180-00;SPC270C1.4152;2021-11-19;Admin;597;537
426;RM;SCI-ADM SCHEME;VV-D65741-BZ010;SPH270C-OD2192;2021-11-19;Admin;407;862
427;RM;SCI-ADM SCHEME;VV-D66110-BZ071;SPH270C-OD2.3181;2021-11-19;Admin;2339;5166
428;RM;SCI-ADM SCHEME;VV-D66287-B5030;SPC270C1.4174;2021-11-19;Admin;0;0
429;RM;SCI-ADM SCHEME;VV-D66288-B5010;SPH270C-OD1.8189;2021-11-19;Admin;0;0
430;RM;SSK;AH-038N;SPH440-OD2125;2021-11-19;Admin;600;1832
431;RM;SCI-ADM SCHEME;82715-BZA90-00;SPH270C-OD1.496;2021-11-19;Admin;0;0
432;RM;SCI-ADM SCHEME;55522-BZ080-00;SPH440-OD1.689;2021-11-19;Admin;1399;2694
433;RM;SSK;16649-BZ050;HR465NSSHR-21.5330;2021-11-19;Admin;1661;2372
434;RM;SSK;T48807-BZ010-001;SPC270C1.287;2021-11-19;Admin;492;984
435;RM;SSK;T52134-BZ090-001;SPC270C1.287;2021-11-19;Admin;0;0
436;RM;SSK;67121-0K030-S1;SPC4401.4150;2021-11-19;Admin;0;0
437;RM;POSMI;67122-0K030-S1;SPH440-OD2.6450;2021-11-19;Admin;0;0
438;RM;HANWA;51428-BZ030;SPH270C-OD2.375;2021-11-19;Admin;0;0
439;RM;SSK;51246-BZ040;SPC270C0.8176;2021-11-19;Admin;0;0
440;RM;SCI-NON SCHEME;51246-BZ011;SPH270C-OD2560;2021-11-19;Admin;0;0
441;RM;SSK;51428-BZ011;SPH440-OD2.9196;2021-11-19;Admin;0;0
442;RM;SSK;58375-OK030;SPH270C-OD4206;2021-11-19;Admin;0;0
443;RM;SSK;58376-OK030;SPH270C-OD3.2127;2021-11-19;Admin;504;1182
444;RM;SSK-KNSS;53217-BZ010;SPC270E1.251;2021-11-19;Admin;0;323
445;RM;SCI-ADM SCHEME;53217-BZ020;SPH270C-OD2.6193;2021-11-19;Admin;0;0
446;RM;SCI-TMMIN SCHEME;53331-BZ170;SPH270C-OD295;2021-11-19;Admin;0;0
447;RM;SCI-TMMIN SCHEME;53717-BZ160;SPH270C-OD295;2021-11-19;Admin;620;620
448;RM;SCI-TMMIN SCHEME;53718-BZ160;SPH270C-OD2114;2021-11-19;Admin;0;781
449;RM;SCI-TMMIN SCHEME;55146-BZ060;SPH270C-OD2132;2021-11-19;Admin;0;0
450;RM;TTMI-KNSS;55147-BZ060;SPC270D174;2021-11-19;Admin;396;396
451;RM;SSK;55147-BZ070;SPC270C2.3292;2021-11-19;Admin;0;0
452;RM;SCI-ADM SCHEME;55149-BZ180;SPC270C0.865;2021-11-19;Admin;0;0
453;RM;SCI-ADM SCHEME;55719-BZ180;SPC270C0.880;2021-11-19;Admin;996;996
454;RM;SCI-ADM SCHEME;55719-BZ190;SPH270C-OD2133;2021-11-19;Admin;910;910
455;RM;SCI-ADM SCHEME;55774-BZ260;SPC4401.2250;2021-11-19;Admin;0;0
456;RM;SCI-ADM SCHEME;61637-BZ070;SPC4401.2276;2021-11-19;Admin;0;0
457;RM;TTMI-KNSS;61638-BZ060;SPC270C1378;2021-11-19;Admin;0;0
458;RM;SCI-TMMIN SCHEME;61654-BZ010;SPH270C-OD2.3200;2021-11-19;Admin;0;0
459;RM;SCI-TMMIN SCHEME;61655-BZ020;SPH270D-OD2.9220;2021-11-19;Admin;0;0
460;RM;SCI-TMMIN SCHEME;61769-BZ120;SPH270C-OD3.2178;2021-11-19;Admin;2963;1779
461;RM;TTMI-KNSS;67188-BZ110;SPC270D1.6152;2021-11-19;Admin;545;271
462;RM;TTMI-KNSS;67189-BZ100;SPC270C1.4125;2021-11-19;Admin;0;0
463;RM;SCI-TMMIN SCHEME;58215-BZ040;SPH440-OD1.692;2021-11-19;Admin;1036;1036
464;RM;TTMI-KNSS;17945-BZ010;SCGA270D-451270;2021-11-19;Admin;994;497
465;RM;SCI-TMMIN SCHEME;17947-BZ010;SPH270C-OD2314;2021-11-19;Admin;358;358
466;RM;SCI-TMMIN SCHEME;21598-BZ010;SPH440-OD1.8342;2021-11-19;Admin;674;674
467;RM;SCI-TMMIN SCHEME;31484-BZ040;SPH440-OD1.8342;2021-11-19;Admin;328;1022
468;RM;TTMI-KNSS;31484-BZ050;SPC270D1.4352;2021-11-19;Admin;3130;4779
469;RM;TTMI-KNSS;33524-BZ040;SPC270C1246;2021-11-19;Admin;963;1955
470;RM;SCI-TMMIN SCHEME;41338-BZ010;SPH440-OD3.2176;2021-11-19;Admin;0;0
471;RM;TTMI-KNSS;44591-BZ170;SPC270C1.2180;2021-11-19;Admin;0;362
472;RM;TTMI-KNSS;44591-BZ170 (A);SPC270C1.2180;2021-11-19;Admin;2280;828
473;RM;SSK-KNSS;44591-BZ170 (B);SCGA270D-45-AG0.7240;2021-11-19;Admin;0;0
474;RM;TTMI-KNSS;44591-BZ170 (C);SCGA270D-451.2162;2021-11-19;Admin;0;0
475;RM;TTMI-KNSS;44591-BZ170 (D);SCGA270D-451.2264;2021-11-19;Admin;0;0
476;RM;SCI-TMMIN SCHEME;44591-BZ260;SPH270C-OD2276;2021-11-19;Admin;0;0
477;RM;TTMI-KNSS;44591-BZ260 1;SHGA270C-452130;2021-11-19;Admin;874;874
478;RM;SSK;44591-BZ260 2;SUS444T247;2021-11-19;Admin;0;0
479;RM;SCI-TMMIN SCHEME;44591-BZ260 3;SPH440-OD2172;2021-11-19;Admin;0;0
480;RM;SCI-TMMIN SCHEME;44591-BZ260 4;SPH440-OD2172;2021-11-19;Admin;387;788
481;RM;SCI-TMMIN SCHEME;44591-BZ340;SPH440-OD2.6164;2021-11-19;Admin;0;0
482;RM;SCI-TMMIN SCHEME;44591-BZ340 (A);SPH440-OD2186;2021-11-19;Admin;849;1694
483;RM;SCI-TMMIN SCHEME;44591-BZ340 (C);SPH440-OD2214;2021-11-19;Admin;781;1585
484;RM;TTMI-KNSS;52130-BZ100;SHGA270C-451.6154;2021-11-19;Admin;0;163
485;RM;TTMI-KNSS;57223-BZ020;SCGA270C-451.2150;2021-11-19;Admin;0;0
486;RM;TTMI-KNSS;57224-BZ020;SCGA270C-451.2150;2021-11-19;Admin;0;0
487;RM;TTMI-KNSS;58993-BZ010;SCGA270C-451.468;2021-11-19;Admin;0;0
488;RM;TTMI-KNSS;82715-BZE90;SCGA270C-451115;2021-11-19;Admin;0;632
489;RM;TTMI-KNSS;82715-BZJ50;SCGA270C-450.8205;2021-11-19;Admin;463;926
490;RM;TTMI-KNSS;82715-BZJ70;SCGA270D-452.3112;2021-11-19;Admin;431;875
491;RM;SCI-TMMIN SCHEME;82715-BZJ80;SPH440-OD6110;2021-11-19;Admin;1474;3424
492;RM;TTMI-KNSS;82715-BZJ90;SCGA270C-451.2193;2021-11-19;Admin;0;1460
493;RM;SCI-V-V;82715-BZK00;SPC270C1.286;2021-11-19;Admin;695;1425
494;RM;SCI-V-V;82715-BZK30;SPC270C1.280;2021-11-19;Admin;0;403
495;RM;SCI-ADM SCHEME;82715-BZK90;SPC270C1.2125;2021-11-19;Admin;636;636
496;RM;TTMI-KNSS;82715-BZL00;SCGA270D-451.2115;2021-11-19;Admin;0;0
497;RM;SCI-ADM SCHEME;82715 - BZL10;SPC270C1.298;2021-11-19;Admin;0;0
498;RM;SCI-ADM SCHEME;82715 - BZL20;SPC270C1.298;2021-11-19;Admin;0;0
499;RM;TTMI-KNSS;89439-BZ200;SPC270C1.4116;2021-11-19;Admin;498;498
500;RM;ADM;89539-BZ510;SPC270CX1.4133;2021-11-19;Admin;0;0
501;RM;ADM;89539-BZ530;SPC270CX1.4250;2021-11-19;Admin;0;0
502;RM;POSMI;44781-BZ060;SPH440-OD2.6193;2021-11-19;Admin;830;830
503;RM;TTMI-KNSS;82715-BZJ60;SPC270D1.4211;2021-11-19;Admin;0;0
504;RM;POSCO;12631-BZ010;SCGA270CX-451166;2021-11-19;Admin;0;0
505;RM;POSCO;12631-BZ010 A;SCGA270CX-451166;2021-11-19;Admin;0;0
506;RM;SSK;12631-BZ010 C;SPHC1.693;2021-11-19;Admin;680;0
507;RM;POSCO;51944-BZ040;SPC270C1.2174;2021-11-19;Admin;0;0
508;RM;POSCO;51988-BZ020;SPC270C1.2174;2021-11-19;Admin;501;501
509;RM;SCI-ADM SCHEME;52139-BZ060;SPH270C-OD2168;2021-11-19;Admin;0;0
510;RM;SCI-ADM SCHEME;52185-BZ130;SPC270C1242;2021-11-19;Admin;0;414
511;RM;SCI-ADM SCHEME;55707-BZ020;SPH270D-OD1.8247;2021-11-19;Admin;0;0
512;RM;SSK;58993-BZ030 3;JSH270CN-P2.675;2021-11-19;Admin;0;0
513;RM;SSK;55732-BZ040;JSH440WN-P2.6256;2021-11-19;Admin;0;0
514;RM;SSK;55747-BZ170;SHGA270D-453.280;2021-11-19;Admin;641;641
515;RM;SSK;57153-BZ140;SHGA270D-453.280;2021-11-19;Admin;0;0
516;RM;POSMI;57154-BZ130;SPH440-OD2.6414;2021-11-19;Admin;0;0
517;RM;SSK;57689-BZ030;SPH440-OD2.6286;2021-11-19;Admin;0;0
518;RM;SCI-TMMIN SCHEME;57829-BZ010;SPH440-OD2.6266;2021-11-19;Admin;0;0
519;RM;TTMI-KNSS;58266-BZ030;SHGA270C-452146;2021-11-19;Admin;0;0
520;RM;SCI-ADM SCHEME;58993-BZ030;SHGA270D-452.3175;2021-11-19;Admin;0;0
521;RM;SCI-ADM SCHEME;58993-BZ030 1;SPC270C0.65516;2021-11-19;Admin;0;0
522;RM;SCI-ADM SCHEME;58993-BZ030 2;SPC270C1.4168;2021-11-19;Admin;0;0
523;RM;TTMI-KNSS;58993-BZ070;SPC270C1272;2021-11-19;Admin;0;0
524;RM;SCI-TMMIN SCHEME;61637-BZ110;SPH270C-OD2.998;2021-11-19;Admin;0;0
525;RM;SCI-TMMIN SCHEME;61638-BZ080;SPH270C-OD1.6210;2021-11-19;Admin;0;0
526;RM;SCI-TMMIN SCHEME;61735-BZ120;SPH270C-OD2.6124;2021-11-19;Admin;159;159
527;RM;SCI-TMMIN SCHEME;61736-BZ120;SPH270C-OD3.285;2021-11-19;Admin;0;0
528;RM;SCI-TMMIN SCHEME;67188-BZ120;SPH270C-OD3.2113;2021-11-19;Admin;0;0
529;RM;TTMI-KNSS;67189-BZ110;SPC270D1.4318;2021-11-19;Admin;235;235
530;RM;TTMI-KNSS;B095-87401;SCGA440-451.2167;2021-11-19;Admin;0;0
531;RM;TTMI-KNSS;T52130-BZ090-001;SPC270D1.6352;2021-11-19;Admin;0;0
532;RM;TTMI-KNSS;D52130-BZ090-001;SPC270D1.6352;2021-11-19;Admin;0;0
533;RM;SCI-TMMIN SCHEME;61315-BZ170;SPH270C-OD2314;2021-11-19;Admin;0;0
534;RM;TTMI-KNSS;61748-BZ010;SCGA270D-451.486;2021-11-19;Admin;0;0
535;RM;TTMI-KNSS;5253BG75;SCGA270D-451.486;2021-11-19;Admin;0;0
536;RM;SCI-TMMIN SCHEME;5257A788;SPH440-OD3.2114;2021-11-19;Admin;0;0
537;RM;SCI-TMMIN SCHEME;5257A790;SPH440-OD3.2108;2021-11-19;Admin;0;0
538;RM;SCI-TMMIN SCHEME;8558B872;SPH440-OD3.2114;2021-11-19;Admin;0;0
539;RM;SCI-TMMIN SCHEME;5220K867;SPH270C-OD2.383;2021-11-19;Admin;0;0
540;RM;TTMI-KNSS;5290D393;SPC270C1.2164;2021-11-19;Admin;0;0
541;RM;TTMI-KNSS;5257A778;SCGA270C-451.2202;2021-11-19;Admin;788;788
542;RM;TTMI-KNSS;5253AK94;SCGA270C-451.2202;2021-11-19;Admin;0;0
543;RM;TTMI-KNSS;5253AJ91;SCGA270C-451.2224;2021-11-19;Admin;909;909
544;RM;TTMI-KNSS;5253AJ54;SCGA270C-451.2124;2021-11-19;Admin;0;0
545;RM;TTMI-KNSS;5253AL29;SCGA270C-451.2149;2021-11-19;Admin;0;0
546;RM;TTMI-KNSS;5253AL41;SHGA270D-452.3121;2021-11-19;Admin;1046;746
547;RM;TTMI-KNSS;5253AL42;SPC270C1.2136;2021-11-19;Admin;0;0
548;RM;SCI-ADM SCHEME;5290D650;SPC270C1.271;2021-11-19;Admin;0;690
549;RM;SCI-V-V;85312-74P00-000;SPC270CX1.2288;2021-11-19;Admin;0;933
550;RM;SSK;85812-74P00-000;SCGA270C-451.6288;2021-11-19;Admin;0;172
551;RM;SSK;88321-73RA0;SPH270C-OD2.6207;2021-11-19;Admin;0;0
552;RM;SCI-V-V;88820-73RA0;SPC270C1.290;2021-11-19;Admin;306;306
553;RM;ADM;5253AS77;SPH440-OD1.4115;2021-11-19;Admin;831;831
554;RM;SCI-ADM SCHEME;5253AS78;SPH270C-OD2.6176;2021-11-19;Admin;236;236
555;RM;SCI-TMMIN SCHEME;5251D676;SPH270C-OD2.9164;2021-11-19;Admin;0;323
556;RM;POSCO;5305AT87;SPC270C1.2224;2021-11-19;Admin;0;247
557;RM;ADM;D53245-BZ010-001;SPC270D1.688;2021-11-19;Admin;0;379
558;RM;SCI-NON SCHEME;S512492760Z;SPH440-OD2.394;2021-11-19;Admin;758;758
559;RM;SCI-ADM SCHEME;S512492770Z;SPH270C-OD3.2191;2021-11-19;Admin;910;488
560;RM;SSK;17767-EW010-00;SPH440-OD2171;2021-11-19;Admin;0;412
561;RM;SSK;D48809-BZ010-001;SPC270C0.9374;2021-11-19;Admin;0;0
562;RM;SSK;D74410-BZ050-001;SPC270D0.886;2021-11-19;Admin;0;0
563;RM;SSK;T89439-BZ170-001;SPC270D0.892;2021-11-19;Admin;0;468
564;RM;SSK;226890;SCGA440-452.3226;2021-11-19;Admin;0;1118
565;RM;POSMI;61315-BZ130;SPH440-OD2.6110;2021-11-19;Admin;184;184
566;RM;POSMI;IFS-032;SPH440-OD2.6140;2021-11-19;Admin;0;0
567;RM;HANWA;58127-BZ030;SPH440-OD2414;2021-11-19;Admin;0;0
568;RM;SSK;D16649-BZ050-001;SPC4401.2108;2021-11-19;Admin;0;340
569;RM;SCI-ADM SCHEME;16715-E0060;SPH270C-OD2.3237;2021-11-19;Admin;0;0
570;RM;SCI-NON SCHEME;T63467-BZ020-001;SECC156;2021-11-19;Admin;760;1083
571;RM;SSK;T89439-BZ180-001;SPH270C-OD4254;2021-11-19;Admin;0;1136
572;RM;SSK;89439BZ180;SPH440-OD4.35260;2021-11-19;Admin;0;0
573;RM;SCI-TMMIN SCHEME;DV61315-BZ170 (Y-2071);SPH270C-OD2.9168;2021-11-19;Admin;465;1011
574;RM;TTMI-KNSS;12238-BZ080;SCGA270D-451.2110;2021-11-19;Admin;471;471
575;RM;TTMI-KNSS;67181-BZ010;SHGA270C-45289;2021-11-19;Admin;0;0
576;RM;SCI-TMMIN SCHEME;T48809-BZ010-001;SPH270C-OD2.9170;2021-11-19;Admin;0;0
577;RM;SCI-TMMIN SCHEME;T74410-BZ050-001;SPH270C-OD2.9170;2021-11-19;Admin;771;1581
578;RM;SCI-TMMIN SCHEME;89439-BZ201;SPH270C-OD2.6237;2021-11-19;Admin;0;0
579;RM;TTMI-KNSS;D58139-BZ070-001;SCGA270D-451.6165;2021-11-19;Admin;0;0
580;RM;TTMI-KNSS;57338-BZ030;SCGA270D-451.8251;2021-12-10;Admin;2013;2013
581;RM;TTMI-KNSS;TC-001;SCGA270D-451.8251;2021-11-19;Admin;0;203
582;RM;TTMI-KNSS;T33524-BZ030-001;SCGA270C-451.4270;2021-11-19;Admin;0;0
583;RM;TTMI-KNSS;T58995-BZ050-001;SCGA270C-451.4270;2021-11-19;Admin;0;0
584;RM;TTMI-KNSS;D82673-BZ050-001;SPC270C1.6114;2021-11-19;Admin;308;616
585;RM;SCI-TMMIN SCHEME;61431-BZ010A;SPH440-OD3.2196;2021-11-19;Admin;1034;1975
586;RM;TTMI-KNSS;44591-BZ260 5;SCGA270D-451266;2021-11-19;Admin;0;794
587;RM;SCI-TMMIN SCHEME;57154-BZ010;SPH270C-OD2.3198;2021-11-19;Admin;0;436
588;RM;SCI-TMMIN SCHEME;T53786-BZ020-001;SPH270C-OD2152;2021-11-19;Admin;450;478
589;RM;TTMI-KNSS;D48807-BZ010-001;SPC270C1.2188;2021-11-19;Admin;296;550
590;RM;SCI-TMMIN SCHEME;P5026-0K00A;SPH440-OD2152;2021-11-19;Admin;311;312
591;RM;SCI-TMMIN SCHEME;P5026-0D004;SPH440-OD2152;2021-11-19;Admin;0;299
592;RM;SCI-TMMIN SCHEME;P5026-0D002;SPH270C-OD2130;2021-11-19;Admin;637;2234
593;RM;SCI-V-V;66287-B5030;SPH440-OD1.6172;2021-11-19;Admin;3367;3367
594;RM;TTMI-KNSS;66110-BZ071;SPC270D2163;2021-11-19;Admin;374;705
595;RM;SCI-V-V;89539-BZ550;SPH270C-OD2237;2021-11-19;Admin;0;0
596;RM;POSMI;66288-B5010;SPH590-OD2.6136;2021-11-19;Admin;0;0
597;RM;SCI-ADM SCHEME;D52134-BZ090-001;SPH270D-OD275;2021-11-19;Admin;0;1124
598;RM;SCI-ADM SCHEME;T52130-BZ100-001;SPH270D-OD275;2021-11-19;Admin;438;0
599;RM;SSK;61432-BZ010A;SCGA270C-451.435;2021-11-19;Admin;0;558
600;RM;POSMI;Y-1098;SPH440-OD2.6207;2021-11-19;Admin;0;412
601;RM;SSK;S5131-32122Z;SPH270C-OD2108;2021-11-19;Admin;0;0
602;RM;SSK;S5131-32132Z;SPC4401.4106;2021-11-19;Admin;529;529
603;RM;TTMI-KNSS;AES-036;SPC270D1.2138;2021-11-19;Admin;0;0
604;RM;SSK;67181-BZ170;SPH440-OD3.2300;2021-11-19;Admin;950;1932
605;RM;TTMI-KNSS;T17945-BZ010-001;SPC270C1.486;2021-11-19;Admin;1273;1273
606;RM;ADM;T17947-BZ010-001;SHGA270C-451.6234;2021-11-19;Admin;0;585
607;RM;SSK;T57223-BZ020-001;SPC270C2144;2021-11-19;Admin;515;1530
608;RM;SCI-NON SCHEME;T57224-BZ020-001;SPH440-OD1.4178;2021-11-19;Admin;0;0
609;RM;SCI-NON SCHEME;T61638-BZ060-001;SPH440-OD1.4164;2021-11-19;Admin;0;0
610;RM;SSK (MINI SLITTING);65155-TSV-K000-H1;SPC270D1.215;2021-11-19;Admin;0;0
611;RM;SCI-ADM SCHEME;65756-T86A-K001-H1;SPC270C1.2277;2021-11-19;Admin;0;0
612;RM;SSK;65146-T86A-K001-H1;SPC270C2139;2021-11-19;Admin;0;0
613;RM;ADM;65196-T86A-K001-H1;SPC270C1.2313;2021-12-10;Admin;2158;2158
614;RM;TTMI-KNSS;D53785-BZ020-001;SPC270D1.8170;2021-11-19;Admin;0;0
615;RM;SCI-TMMIN SCHEME;11640-52S00-01;SPH270C-OD3.8184;2021-11-19;Admin;1567;1296
616;RM;ADM;11640-52S00-02;SHGA270C-451.664;2021-11-19;Admin;669;669
617;RM;SCI-NON SCHEME;11630-52S00-03;SPH270C-OD1.6147;2021-11-19;Admin;1126;1120
618;RM;ADM;57686-BZ050;SPH270C-OD2158;2021-11-19;Admin;1608;1608
619;RM;SSK;T53217-BZ010-001;SPH270C-OD1.6210;2021-11-19;Admin;551;551
620;RM;SSK;T61637-BZ070-001;SPC270C1.2360;2021-11-19;Admin;0;0
621;RM;SSK;64131-BZ010;SPH270C-OD2335;2021-11-19;Admin;0;0
622;RM;SSK;64132-BZ010;SPC270D2.3174;2021-11-19;Admin;0;0
623;RM;SSK;51543-BZ010;SPH440-OD2.3167;2021-11-19;Admin;0;0
624;RM;SSK;51544-BZ010;SPC270C1.6124;2021-11-19;Admin;446;446
625;RM;SSK;57652-BZ040;JSH440WN-P3.2154;2021-11-19;Admin;0;389
626;RM;SCI-ADM SCHEME;58325-0D120;SPH270C-OD1.6151;2021-11-19;Admin;0;313
627;RM;SCI-ADM SCHEME;62621-67l00;SPC270C1.6169;2021-11-19;Admin;530;1311
628;RM;SSK;62478-BZ020;SPC270C1.6100;2021-11-19;Admin;1290;1290
629;RM;SSK;62479-BZ020;SPH270C-OD3.2133;2021-11-19;Admin;639;1274
630;RM;SCI-ADM SCHEME;65133-BZ010;SPH270C-OD2133;2021-11-19;Admin;0;0
631;RM;SCI-TMMIN SCHEME;65134-BZ010;SPH590-OD3.2313;2021-11-19;Admin;0;0
632;RM;TTMI-KNSS;59233-60K00;SPC270D1.6152;2021-11-19;Admin;0;419
633;RM;TTMI-KNSS;NXS-003;SPC270D1.8198;2021-11-19;Admin;0;0
634;RM;TTMI-KNSS;NXS-005;SCGA270C-451247;2021-11-19;Admin;0;213
635;RM;SSK;TB-302;SPC270C2.390;2021-11-19;Admin;267;0
636;RM;HANWA-DIRECT;TB-354S;SGCD2061185;2021-11-19;Admin;234;474
637;RM;SCI-ADM SCHEME;TB-360S;SPC270D1205;2021-11-19;Admin;816;1765
638;RM;SCI-TMMIN SCHEME;AH-039N;SPH590-OD3.2134;2021-11-19;Admin;245;563
639;RM;ADM;82715-BZQ50;SPH270C-OD2.3113;2021-11-19;Admin;266;266
640;RM;SSK;82715-BZQ50 BARCKET 01;SHGA270C-452.3117;2021-11-19;Admin;0;0
641;RM;SSK;82715-BZQ50 BARCKET 02;SPH270C-OD2353;2021-11-19;Admin;512;948
642;RM;SCI-TMMIN SCHEME;82716-BZ130;SPH440-OD3.2166;2021-11-19;Admin;0;563
643;RM;SSK;82716-BZ130 BRACKET 01;SPH270C-OD2134;2021-11-19;Admin;1271;1271
644;RM;TTMI-KNSS;82716-BZ130 BRACKET 02;SCGA270C-452186;2021-11-19;Admin;0;413
645;RM;SCI-TMMIN SCHEME;5257A794;SPH270C-OD3.2165;2021-11-19;Admin;1040;1040
646;RM;SCI-TMMIN SCHEME;5257A794-1;SPH270C-OD2.9172;2021-11-19;Admin;743;1486
647;RM;SCI-TMMIN SCHEME;D52130-BZ100-001;SPH270C-OD3.6158;2021-11-19;Admin;0;0
648;RM;SSK;IBS-035NP;SPCE2.6220;2021-11-19;Admin;0;0
649;RM;SSK;5257A792;SPC270C1.292;2021-11-19;Admin;1468;2110
650;RM;SSK;57153-BZ010;SGCD2-Z081.2188;2021-11-19;Admin;0;0
651;RM;SSK;55745-BZ010;SPC270D197;2021-11-19;Admin;1085;0
652;RM;SCI-NON SCHEME;TB-142BG;SPH440-OD2.3220;2021-11-19;Admin;187;187
653;RM;SSK;TC-002;SPH440-OD3.2108;2021-11-19;Admin;0;0
654;RM;SSK;TB-316;SPH270C-OD2.3155;2021-11-19;Admin;0;0
655;RM;HANWA;TB-335;SPH440-OD2414;2021-11-19;Admin;0;740
656;RM;HANWA;D21893-BZ050-001;SPH440-OD2414;2021-11-19;Admin;0;651
657;RM;SCI-NON SCHEME;T33823-BZ011-001;SPH270C-OD2.383;2021-11-19;Admin;264;264
658;RM;ADM;55773-BZ010;SPC270C1.2250;2021-11-19;Admin;0;910
659;RM;SCI-ADM SCHEME;T44591-BZ260-001;SPC270C1.2229;2021-11-19;Admin;0;1588
660;RM;TTMI-KNSS;T58993-BZ010-001;SCGA270D-451.2188;2021-11-19;Admin;257;0
661;RM;TTMI-KNSS;T89539-BZ510-001;SPC270D1.2220;2021-11-19;Admin;582;1267
662;RM;TTMI-KNSS;T33524-BZ040-001;SPC4401.4222;2021-11-19;Admin;0;498
663;RM;TTMI-KNSS;T89439-BZ201-001;SCGA270C-45180;2021-11-19;Admin;0;0
664;RM;TTMI-KNSS;T82715-BZJ90-001;SCGA270C-452144;2021-11-19;Admin;0;0
665;RM;SCI-TMMIN SCHEME;T31484-BZ050-001;SPH440-OD3.2108;2021-11-19;Admin;1462;2887
666;RM;AAI;T31484-BZ040-001;MJSC590R-OD1.8137;2021-11-19;Admin;1390;1390
667;RM;AAI;T82715-BZK90-001;MJSC590R-OD1.8137;2021-11-19;Admin;0;0
668;RM;SSK;67121-BZ190;SCGA270C-450.8244;2021-11-19;Admin;3258;5409
669;RM;ADM;67122-BZ180;SHGA270C-452127;2021-11-19;Admin;0;1237
670;RM;SCI-V-V;52135-BZ130;SHGA270C-451.8213;2021-11-19;Admin;1711;3341
671;RM;SCI-V-V;52136-BZ070;SHGA270C-451.6248;2021-11-19;Admin;1539;3224
672;RM;SCI-V-V;52135-BZ090;SPC270CX0.8335;2021-11-19;Admin;0;112
673;RM;SCI-V-V;52136-BZ160;SPC270CX0.8360;2021-11-19;Admin;175;508
674;RM;ADM;52136-BZ100;SPC270CX1.2255;2021-11-19;Admin;919;1629
675;RM;ADM;VV-D51944-BZ040;SPC270CX1.2208;2021-11-19;Admin;1071;1071
676;RM;SCI-V-V;VV-D51988-BZ020;SPH270C-OD2.3258;2021-11-19;Admin;2480;2480
677;RM;ADM;VV-D52185-BZ130;SHGA270C-451.695;2021-11-19;Admin;496;0
678;RM;SCI-V-V;VV-D57689-BZ030;SPH270C-OD2.3254;2021-11-19;Admin;0;0
679;RM;SCI-V-V;VV-D58215-BZ040;SPH270C-OD2.3254;2021-11-19;Admin;794;794
680;RM;POSCO;VV-D58266-BZ030;SPC270CX1.2480;2021-11-19;Admin;0;0
681;RM;POSCO;VV-D61637-BZ110;SPC270CX1.2490;2021-11-19;Admin;0;0
682;RM;ADM;VV-D61638-BZ080;SPC270CX1115;2021-11-19;Admin;0;0
683;RM;ADM;VV-D61735-BZ120;SPC270CX1.281;2021-11-19;Admin;1298;1298
684;RM;ADM;VV-D61736-BZ120;SPC270CX1474;2021-11-19;Admin;0;0
685;RM;SSK;65145-TSV-K000-H1;SPH270C-OD1.6193;2021-11-19;Admin;0;0
686;RM;SSK;65195-TSV-K000-H1;SPC270C1.4118;2021-11-19;Admin;0;0
687;RM;SSK;65151-T86A-K000-H1;SPH270C-OD288;2021-11-19;Admin;272;272
688;RM;SSK;S1704-EW010-A0;SPH270C-OD1.6138;2021-11-19;Admin;0;0
689;RM;HANWA;T17118-BZ140-001;SPH440-OD2.3186;2021-11-19;Admin;0;281
690;RM;HANWA;T61637-BZ110-001;SPH440-OD2.3252;2021-11-19;Admin;0;281
691;RM;HANWA;T61638-BZ080-001;SPH440-OD2.6152;2021-11-19;Admin;0;486
692;RM;HANWA;D82715-BZ730-001;SPH440-OD2118;2021-11-19;Admin;0;486
693;RM;HANWA;T52185-BZ130-001;SPH440-OD2.694;2021-11-19;Admin;344;539
694;RM;HANWA;T52139-BZ060-001;SPH440-OD2.6109;2021-11-19;Admin;1768;2871
695;RM;HANWA;T89539-BZ130-001;SPH440-OD2.6105;2021-11-19;Admin;530;530
696;RM;HANWA;71132-T86-K000-H1;SPH440-OD2.6135;2021-11-19;Admin;530;0
697;RM;HANWA;71172-T86-K000-H1;SPH440-OD2.3252;2021-11-19;Admin;0;0
698;RM;HANWA;71177-T86-K000-H1;SPH440-OD2.3190;2021-11-19;Admin;0;0
699;RM;HANWA;71182-T86-K000-H1;SPH440-OD4200;2021-11-19;Admin;0;0
700;RM;HANWA;T61235-BZ080-001;SPH440-OD4176;2021-11-19;Admin;103;0
701;RM;HANWA;T61237-BZ080-001;SPH440-OD2.6115;2021-11-19;Admin;0;0
702;RM;HANWA;D53217-BZ010-001;SPH440-OD2.6220;2021-11-19;Admin;0;0
703;RM;HANWA;5257A;SPH440-OD2.6220;2021-11-19;Admin;0;0
704;RM;SSK;AS;SPH440-OD4158;2021-11-19;Admin;0;722
705;RM;SSK;AB-140;SPC270C1.263;2021-12-10;Admin;0;0
706;RM;SSK;JB-029;SPC270C1.279;2021-11-19;Admin;0;2030
707;RM;SSK;AH-003N;SPC270C1.297;2021-11-19;Admin;967;481
708;RM;SSK;AH-004GU;SPH270C-OD250;2021-11-19;Admin;0;0
709;RM;HANWA;T53217-BZ020-001;SPH590-OD2.6465;2021-11-19;Admin;0;0
710;RM;HANWA;71252-3M0A-3001-50;SPH440-OD2.3197;2021-11-19;Admin;729;729
711;RM;SSK;68128-3M0A-J002-H1;SPH270C-OD3.291;2021-11-19;Admin;0;715
712;RM;SSK;71255-3M0A-3000;SPH440-OD2.6286;2021-11-19;Admin;451;451
713;RM;SSK;62126-3M0A-J001-50;SPC270C1.274;2021-11-19;Admin;0;817
714;RM;SSK;62127-3M0A-J001-50;SPC270D1.2100;2021-11-19;Admin;510;1536
715;RM;SSK;62135-3M0A-J000-H1;SPCC157;2021-11-19;Admin;0;751
716;RM;HANWA;67346-BZ020;SPH440-OD270;2021-11-19;Admin;0;0
717;RM;TTMI-V-V;67441-BZ020;SHGA270C-451.8116;2021-11-19;Admin;0;352
718;RM;TTMI-V-V;67174-BZ010;SCGA270C-451.495;2021-11-19;Admin;0;0
719;RM;SCI-V-V;67331-BZ020;SPH270C-OD2.388;2021-11-19;Admin;284;854
720;RM;TTMI-V-V;61370-3M0-3000;SCGA270CX-451.2288;2021-11-19;Admin;0;0
721;RM;SCI-V-V;61154-3N1-T000-H1;SCGA270C-451.475;2021-11-19;Admin;0;311
722;RM;SCI-V-V;61159-3N1-T000-H1;SCGA270C-451.475;2021-11-19;Admin;0;0
723;RM;SCI-V-V;61331-3MO-3000;SPC270C1149;2021-11-19;Admin;933;1116
724;RM;SCI-V-V;61332-3M0-3000;SPC270C1149;2021-11-19;Admin;901;901
725;RM;TTMI-V-V;61335-3MO-3000;SCGA270CX-450.796;2021-11-19;Admin;0;653
726;RM;SCI-V-V;67342-BZ020;SPC270CX1.4158;2021-11-19;Admin;0;1044
727;RM;SCI-V-V;67343-BZ040;SPC270CX1.4158;2021-11-19;Admin;0;0
728;RM;TTMI-V-V;67344-BZ040;SPC440X1230;2021-11-19;Admin;0;631
729;RM;TTMI-V-V;65145-TSV-X000-H1;SPC590X0.9178;2021-11-19;Admin;229;229
730;RM;TTMI-V-V;65146-T86A-X000-H1;SPC590X0.9178;2021-11-19;Admin;0;0
731;RM;TTMI-V-V;65195-TSV-X000-H1;SCGA270CX-451.4383;2021-11-19;Admin;0;0
732;RM;HANWA;65756-T86A-X000-50;SPH590-OD3.2120;2021-11-19;Admin;0;0
733;RM;TTMI-V-V;57433-BZ040;SPC270CX1.2133;2021-11-19;Admin;499;1316
734;RM;TTMI-V-V;57434-BZ040;SPC270CX1.2133;2021-11-19;Admin;0;0
735;RM;TTMI-V-V;57716-BZ030;SCGA270CX-451.2176;2021-11-19;Admin;1478;1478
736;RM;SSK;57715-BZ050;SPH440-OD2.687;2021-11-19;Admin;1467;2511
737;RM;SSK;57695-BZ230;SPH440-OD2.687;2021-11-19;Admin;775;775
738;RM;HANWA;53217-BZ050;SPH590-OD2166;2021-11-19;Admin;925;1369
739;RM;HANWA;58033-BZ040;SPH590-OD2.3132;2021-11-19;Admin;1078;1392
740;RM;POSMI;58384-BZ050;SPH440-OD1.6157;2021-11-19;Admin;0;1496
741;RM;HANWA;58388-BZ070;SPH590-OD2130;2021-11-19;Admin;0;0
742;RM;HANWA;58377-BZ080;SPH590-OD2130;2021-11-19;Admin;748;748
743;RM;POSMI;58034-BZ040;SPH270C-OD1.6108;2021-11-19;Admin;458;1210
744;RM;TTMI-KNSS;58385-BZ050;SCGA270D-451.6194;2021-11-19;Admin;0;0
745;RM;SCI-TMMIN SCHEME;58378-BZ100;SPH270C-OD2.9178;2021-11-19;Admin;0;0
746;RM;SSK;58389-BZ050;SPH270C-OD2.9132;2021-11-19;Admin;1276;0
747;RM;SSK;D89539-BZ360-001;JSC270C195;2021-11-19;Admin;0;183
748;RM;SSK;D52139-BZ060-001;SPC270C1112;2021-11-19;Admin;0;0
749;RM;SCI-ADM SCHEME;47111-F1010-S1;SPH270C-OD1.491;2021-11-19;Admin;612;612
750;RM;SSK;55733-BZ130;SPH270C-OD2353;2021-11-19;Admin;0;346
751;RM;SCI-TMMIN SCHEME;61677-BZ100;SPH270C-OD2184;2021-11-19;Admin;0;0
752;RM;SSK;TB-346S;SCGA270C-451.2125;2021-11-19;Admin;642;642
753;RM;SCI-ADM SCHEME;TB-317;SPH270D-OD2255;2021-11-19;Admin;0;0
754;RM;TTMI-KNSS;TC-106G;SCGA270C-45282;2021-11-19;Admin;0;0
755;RM;TTMI-KNSS;TB-103;SPC270D174;2021-11-19;Admin;0;0
756;RM;SCI-TMMIN SCHEME;T61735-BZ120-001;SPH270C-OD2.9129;2021-11-19;Admin;994;994
757;RM;TTMI-KNSS;65535-3K6A-K003-H1;SCGA270D-45158;2021-11-19;Admin;0;0
758;RM;SSK;65585-3K6A-K003-H1;SPCC2.343;2021-11-19;Admin;0;0
759;RM;SSK;65536-3K6A-K002-50;SPCE0.6124;2021-11-19;Admin;0;0
760;RM;SCI-ADM SCHEME;65586-3K6A-K002-50;SPH270C-OD1.6104;2021-11-19;Admin;0;0
761;RM;SSK;65707-TSV-K000-H1;SPC270D2.6144;2021-11-19;Admin;0;0
762;RM;SSK;65516-3K6A-K000-H1;SPH270C-OD3.2112;2021-11-19;Admin;0;0
763;RM;SSK;65566-3K6A-K000-H1;SPH270C-OD2200;2021-11-19;Admin;0;0
764;RM;SSK;65539-3K6A-K001-H1;TSPCE-SD273;2021-11-19;Admin;0;0
765;RM;SSK;PH-051N;TSPCE-SD273;2021-11-19;Admin;0;0
766;RM;SCI-ADM SCHEME;T BRACKET 1 KG SAE ADM BLANK;SPC270C1.2184;2021-11-19;Admin;0;0
